1295,2019-08-22 12:45,2019-08-22 13:45,Time Management for the Distracted Developer,Soft Skills,Soft Skills,Matthew Jones
1295,2019-08-22 12:45,2019-08-22 13:45,Time Management for the Distracted Developer,Soft Skills,Other,Matthew Jones
1296,2019-08-23 10:15,2019-08-23 11:15,"Hold Up, Wait a Minute, Let Me Put Some Async In It",Application Development,.NET,Matthew Jones
1296,2019-08-23 10:15,2019-08-23 11:15,"Hold Up, Wait a Minute, Let Me Put Some Async In It",Application Development,Web,Matthew Jones
1296,2019-08-23 10:15,2019-08-23 11:15,"Hold Up, Wait a Minute, Let Me Put Some Async In It",Application Development,Performance,Matthew Jones
1299,2019-08-22 09:00,2019-08-22 10:00,Get to Know Webpack,Application Development,JavaScript,Jonathan Kemp
1301,2019-08-23 12:45,2019-08-23 13:45,Agile for Remote Teams,Project Management,Project Management,Michael Dowden
1302,2019-08-22 15:15,2019-08-22 16:15,Serverless for Startups: Launching Apps Faster than Ever,Application Development,Development Practices,Michael Dowden
1302,2019-08-22 15:15,2019-08-22 16:15,Serverless for Startups: Launching Apps Faster than Ever,Application Development,Google Cloud,Michael Dowden
1302,2019-08-22 15:15,2019-08-22 16:15,Serverless for Startups: Launching Apps Faster than Ever,Application Development,Architecture,Michael Dowden
1306,2019-08-23 09:00,2019-08-23 10:00,Why You Should Be Doing Contract First API Development,Application Development,Development Practices,Deven Phillips
1306,2019-08-23 09:00,2019-08-23 10:00,Why You Should Be Doing Contract First API Development,Application Development,Testing,Deven Phillips
1306,2019-08-23 09:00,2019-08-23 10:00,Why You Should Be Doing Contract First API Development,Application Development,Web Services,Deven Phillips
1306,2019-08-23 09:00,2019-08-23 10:00,Why You Should Be Doing Contract First API Development,Application Development,Web,Deven Phillips
1306,2019-08-23 09:00,2019-08-23 10:00,Why You Should Be Doing Contract First API Development,Application Development,Microservices,Deven Phillips
1306,2019-08-23 09:00,2019-08-23 10:00,Why You Should Be Doing Contract First API Development,Application Development,Career Development,Deven Phillips
1306,2019-08-23 09:00,2019-08-23 10:00,Why You Should Be Doing Contract First API Development,Application Development,Quality Assurance,Deven Phillips
1306,2019-08-23 09:00,2019-08-23 10:00,Why You Should Be Doing Contract First API Development,Application Development,Software Practices,Deven Phillips
1307,2019-08-23 15:15,2019-08-23 16:15,How to Win Friends and Influence...Better Developer Estimates,Soft Skills,Requirements,Brian McKeiver
1307,2019-08-23 15:15,2019-08-23 16:15,How to Win Friends and Influence...Better Developer Estimates,Soft Skills,Soft Skills,Brian McKeiver
1307,2019-08-23 15:15,2019-08-23 16:15,How to Win Friends and Influence...Better Developer Estimates,Soft Skills,Career Development,Brian McKeiver
1308,2019-08-22 10:15,2019-08-22 11:15,Sub 1 Second Loading Websites For Real,Application Development,.NET,Brian McKeiver
1308,2019-08-22 10:15,2019-08-22 11:15,Sub 1 Second Loading Websites For Real,Application Development,Development Practices,Brian McKeiver
1308,2019-08-22 10:15,2019-08-22 11:15,Sub 1 Second Loading Websites For Real,Application Development,Microservices,Brian McKeiver
1309,2019-08-22 10:15,2019-08-22 11:15,Learning to Love the Lambda in the Stream,Application Development,Java,Richard Roda
1310,2019-08-23 11:30,2019-08-23 12:30,Building Progressive Web Apps with React,Application Development,JavaScript,Jonathan Mills
1310,2019-08-23 11:30,2019-08-23 12:30,Building Progressive Web Apps with React,Application Development,Mobile,Jonathan Mills
1320,2019-08-22 15:15,2019-08-22 16:15,ASP.NET Core: Ready for Primetime?,Application Development,.NET,"Jonathan ""J."" Tower"
1321,2019-08-23 12:45,2019-08-23 13:45,A Data Access Layer You're Proud of without Entity Framework,Application Development,.NET,"Jonathan ""J."" Tower"
1321,2019-08-23 12:45,2019-08-23 13:45,A Data Access Layer You're Proud of without Entity Framework,Application Development,Architecture,"Jonathan ""J."" Tower"
1321,2019-08-23 12:45,2019-08-23 13:45,A Data Access Layer You're Proud of without Entity Framework,Application Development,Database,"Jonathan ""J."" Tower"
1322,2019-08-22 11:30,2019-08-22 12:30,You aren't gonna need it!,Application Development,Development Practices,Jason McCreary
1323,2019-08-23 10:15,2019-08-23 11:15,nginx + Redis = Ludicrous Speed,Application Development,Development Practices,Jason McCreary
1323,2019-08-23 10:15,2019-08-23 11:15,nginx + Redis = Ludicrous Speed,Application Development,DevOps,Jason McCreary
1323,2019-08-23 10:15,2019-08-23 11:15,nginx + Redis = Ludicrous Speed,Application Development,Architecture,Jason McCreary
1324,2019-08-23 12:45,2019-08-23 13:45,Get to Know Babel,Application Development,JavaScript,Jonathan Kemp
1329,2019-08-23 12:45,2019-08-23 13:45,Is Machine Learning the right tool?,Application Development,Big Data,Brian Korzynski
1330,2019-08-22 10:15,2019-08-22 11:15,Introduction to Amazon AWS,Application Development,.NET,Brian Korzynski
1330,2019-08-22 10:15,2019-08-22 11:15,Introduction to Amazon AWS,Application Development,AWS,Brian Korzynski
1345,2019-08-22 16:30,2019-08-22 17:30,How Functional Programming Made Me a Better Developer,Application Development,.NET,Cameron Presley
1345,2019-08-22 16:30,2019-08-22 17:30,How Functional Programming Made Me a Better Developer,Application Development,Other,Cameron Presley
1345,2019-08-22 16:30,2019-08-22 17:30,How Functional Programming Made Me a Better Developer,Application Development,Functional Progreamming,Cameron Presley
1346,2019-08-23 15:15,2019-08-23 16:15,How To Have Code Reviews Developers Actually Want,Soft Skills,Development Practices,Cameron Presley
1346,2019-08-23 15:15,2019-08-23 16:15,How To Have Code Reviews Developers Actually Want,Soft Skills,Soft Skills,Cameron Presley
1349,2019-08-22 11:30,2019-08-22 12:30,"Hey, You Got Your TDD in my SQL DB!",Software Testing,Testing,Jeff McKenzie
1349,2019-08-22 11:30,2019-08-22 12:30,"Hey, You Got Your TDD in my SQL DB!",Software Testing,Quality Assurance,Jeff McKenzie
1349,2019-08-22 11:30,2019-08-22 12:30,"Hey, You Got Your TDD in my SQL DB!",Software Testing,Database,Jeff McKenzie
1349,2019-08-22 11:30,2019-08-22 12:30,"Hey, You Got Your TDD in my SQL DB!",Software Testing,SQL,Jeff McKenzie
1350,2019-08-23 09:00,2019-08-23 10:00,Automating Your Automation: The Care and Feeding of Jenkins,Application Development,Development Practices,Jeff McKenzie
1350,2019-08-23 09:00,2019-08-23 10:00,Automating Your Automation: The Care and Feeding of Jenkins,Application Development,DevOps,Jeff McKenzie
1350,2019-08-23 09:00,2019-08-23 10:00,Automating Your Automation: The Care and Feeding of Jenkins,Application Development,Continuous Development,Jeff McKenzie
1350,2019-08-23 09:00,2019-08-23 10:00,Automating Your Automation: The Care and Feeding of Jenkins,Application Development,Software Practices,Jeff McKenzie
1356,2019-08-23 09:00,2019-08-23 10:00,Test Driven Refactoring,Software Testing,Development Practices,Jason Crist
1356,2019-08-23 09:00,2019-08-23 10:00,Test Driven Refactoring,Software Testing,JavaScript,Jason Crist
1356,2019-08-23 09:00,2019-08-23 10:00,Test Driven Refactoring,Software Testing,Testing,Jason Crist
1361,2019-08-23 09:00,2019-08-23 10:00,Criminal Minds meets the JVM: an intro to profiling,Application Development,Development Practices,Todd Nussbaum
1361,2019-08-23 09:00,2019-08-23 10:00,Criminal Minds meets the JVM: an intro to profiling,Application Development,Java,Todd Nussbaum
1361,2019-08-23 09:00,2019-08-23 10:00,Criminal Minds meets the JVM: an intro to profiling,Application Development,Performance,Todd Nussbaum
1362,2019-08-22 11:30,2019-08-22 12:30,Essential JWT,Application Development,Java,Todd Nussbaum
1362,2019-08-22 11:30,2019-08-22 12:30,Essential JWT,Application Development,Security,Todd Nussbaum
1377,2019-08-22 16:30,2019-08-22 17:30,Get Func-y: Understanding Delegates in .NET,Application Development,.NET,Jeremy Clark
1377,2019-08-22 16:30,2019-08-22 17:30,Get Func-y: Understanding Delegates in .NET,Application Development,Functional Progreamming,Jeremy Clark
1380,2019-08-22 15:15,2019-08-22 16:15,Deep Learning like a Viking - Building Convolutional Neural Networks with Keras,Application Development,Big Data,Guy Royse
1380,2019-08-22 15:15,2019-08-22 16:15,Deep Learning like a Viking - Building Convolutional Neural Networks with Keras,Application Development,JavaScript,Guy Royse
1380,2019-08-22 15:15,2019-08-22 16:15,Deep Learning like a Viking - Building Convolutional Neural Networks with Keras,Application Development,Python,Guy Royse
1381,2019-08-23 10:15,2019-08-23 11:15,An Introduction to WebAssembly,Application Development,JavaScript,Guy Royse
1381,2019-08-23 10:15,2019-08-23 11:15,An Introduction to WebAssembly,Application Development,WebAssembly,Guy Royse
1390,2019-08-22 16:30,2019-08-22 17:30,Don't Get H@ck3d,Application Development,.NET,Tyler Stephenson
1390,2019-08-22 16:30,2019-08-22 17:30,Don't Get H@ck3d,Application Development,Security,Tyler Stephenson
1391,2019-08-23 15:15,2019-08-23 16:15,Introducing Juvet: Building Bots in Elixir,Application Development,Web Services,Jamie Wright
1391,2019-08-23 15:15,2019-08-23 16:15,Introducing Juvet: Building Bots in Elixir,Application Development,Other,Jamie Wright
1391,2019-08-23 15:15,2019-08-23 16:15,Introducing Juvet: Building Bots in Elixir,Application Development,Functional Progreamming,Jamie Wright
1392,2019-08-23 11:30,2019-08-23 12:30,Building a Realtime Websocket API in Phoenix,Application Development,Web Services,Jamie Wright
1392,2019-08-23 11:30,2019-08-23 12:30,Building a Realtime Websocket API in Phoenix,Application Development,Web,Jamie Wright
1392,2019-08-23 11:30,2019-08-23 12:30,Building a Realtime Websocket API in Phoenix,Application Development,Functional Progreamming,Jamie Wright
1396,2019-08-22 11:30,2019-08-22 12:30,Where The Web Is Going,Application Development,Design (UI/UX/CSS),Jared Faris
1396,2019-08-22 11:30,2019-08-22 12:30,Where The Web Is Going,Application Development,JavaScript,Jared Faris
1396,2019-08-22 11:30,2019-08-22 12:30,Where The Web Is Going,Application Development,Web,Jared Faris
1401,2019-08-23 16:30,2019-08-23 17:30,The Art of Pair Programming,Soft Skills,Development Practices,Todd Merritt
1401,2019-08-23 16:30,2019-08-23 17:30,The Art of Pair Programming,Soft Skills,Software Practices,Todd Merritt
1405,2019-08-22 11:30,2019-08-22 12:30,Achieve Goals With SMART WINS,Soft Skills,Career Development,Christopher Judd
1406,2019-08-21 09:00,2019-08-21 12:00,"Java 9, 10 & 11 Workshop [Full-Day Workshop]",Application Development,Java,Christopher Judd
1407,2019-08-22 10:15,2019-08-22 11:15,TerseScript: JavaScript with 6 characters or less,Application Development,JavaScript,Mike Hand
1408,2019-08-22 15:15,2019-08-22 16:15,I suck at estimates (but I'm better than I used to be),Requirements,Development Practices,Mike Hand
1408,2019-08-22 15:15,2019-08-22 16:15,I suck at estimates (but I'm better than I used to be),Requirements,Other,Mike Hand
1408,2019-08-22 15:15,2019-08-22 16:15,I suck at estimates (but I'm better than I used to be),Requirements,Project Management,Mike Hand
1408,2019-08-22 15:15,2019-08-22 16:15,I suck at estimates (but I'm better than I used to be),Requirements,Software Practices,Mike Hand
1411,2019-08-21 09:00,2019-08-21 12:00,Charting a Course to Your Dream Job [Half-Day Workshop],Soft Skills,Soft Skills,Kim Preece
1411,2019-08-21 09:00,2019-08-21 12:00,Charting a Course to Your Dream Job [Half-Day Workshop],Soft Skills,Other,Kim Preece
1411,2019-08-21 09:00,2019-08-21 12:00,Charting a Course to Your Dream Job [Half-Day Workshop],Soft Skills,Career Development,Kim Preece
1411,2019-08-21 09:00,2019-08-21 12:00,Charting a Course to Your Dream Job [Half-Day Workshop],Soft Skills,Soft Skills,Cassandra Faris
1411,2019-08-21 09:00,2019-08-21 12:00,Charting a Course to Your Dream Job [Half-Day Workshop],Soft Skills,Other,Cassandra Faris
1411,2019-08-21 09:00,2019-08-21 12:00,Charting a Course to Your Dream Job [Half-Day Workshop],Soft Skills,Career Development,Cassandra Faris
1413,2019-08-22 12:45,2019-08-22 13:45,It works on my machine!,Application Development,.NET,John Callaway
1414,2019-08-23 09:00,2019-08-23 10:00,Mentoring Panel,Application Development,Career Development,John Callaway
1414,2019-08-23 09:00,2019-08-23 10:00,Mentoring Panel,Application Development,Career Development,Clayton Hunt
1418,2019-08-22 10:15,2019-08-22 11:15,Playing with FHIR,Application Development,.NET,Polina Abramov
1418,2019-08-22 10:15,2019-08-22 11:15,Playing with FHIR,Application Development,Web,Polina Abramov
1423,2019-08-23 09:00,2019-08-23 10:00,Introduction to Accessibility,User Experience,Design (UI/UX/CSS),Elizabeth Gray
1423,2019-08-23 09:00,2019-08-23 10:00,Introduction to Accessibility,User Experience,Accessibility,Elizabeth Gray
1425,2019-08-23 12:45,2019-08-23 13:45,The Sounds of Software,Soft Skills,Soft Skills,Brett Berliner
1425,2019-08-23 12:45,2019-08-23 13:45,The Sounds of Software,Soft Skills,Other,Brett Berliner
1425,2019-08-23 12:45,2019-08-23 13:45,The Sounds of Software,Soft Skills,Career Development,Brett Berliner
1431,2019-08-23 11:30,2019-08-23 12:30,Finding regression bugs before QA using Selenium and Azure DevOps CI,Application Development,DevOps,C Daniel Waddell
1431,2019-08-23 11:30,2019-08-23 12:30,Finding regression bugs before QA using Selenium and Azure DevOps CI,Application Development,Testing,C Daniel Waddell
1431,2019-08-23 11:30,2019-08-23 12:30,Finding regression bugs before QA using Selenium and Azure DevOps CI,Application Development,Quality Assurance,C Daniel Waddell
1438,2019-08-22 09:00,2019-08-22 10:00,Protecting App Secrets with .NET Core and Azure,Application Development,.NET,Scott Addie
1438,2019-08-22 09:00,2019-08-22 10:00,Protecting App Secrets with .NET Core and Azure,Application Development,Cloud,Scott Addie
1438,2019-08-22 09:00,2019-08-22 10:00,Protecting App Secrets with .NET Core and Azure,Application Development,Development Practices,Scott Addie
1438,2019-08-22 09:00,2019-08-22 10:00,Protecting App Secrets with .NET Core and Azure,Application Development,Security,Scott Addie
1438,2019-08-22 09:00,2019-08-22 10:00,Protecting App Secrets with .NET Core and Azure,Application Development,Azure,Scott Addie
1439,2019-08-23 15:15,2019-08-23 16:15,Building the Real-time Web with ASP.NET Core SignalR,Application Development,.NET,Scott Addie
1439,2019-08-23 15:15,2019-08-23 16:15,Building the Real-time Web with ASP.NET Core SignalR,Application Development,Cloud,Scott Addie
1439,2019-08-23 15:15,2019-08-23 16:15,Building the Real-time Web with ASP.NET Core SignalR,Application Development,Cross-Platform,Scott Addie
1439,2019-08-23 15:15,2019-08-23 16:15,Building the Real-time Web with ASP.NET Core SignalR,Application Development,Web,Scott Addie
1439,2019-08-23 15:15,2019-08-23 16:15,Building the Real-time Web with ASP.NET Core SignalR,Application Development,Azure,Scott Addie
1442,2019-08-22 09:00,2019-08-22 10:00,Leadership Journey: From Software Developer to Leader,Soft Skills,Soft Skills,Michael Eaton
1444,2019-08-23 11:30,2019-08-23 12:30,Magic or Pokemon Card?,Application Development,.NET,Nick Branstein
1444,2019-08-23 11:30,2019-08-23 12:30,Magic or Pokemon Card?,Application Development,Cloud,Nick Branstein
1444,2019-08-23 11:30,2019-08-23 12:30,Magic or Pokemon Card?,Application Development,Web Services,Nick Branstein
1444,2019-08-23 11:30,2019-08-23 12:30,Magic or Pokemon Card?,Application Development,Other,Nick Branstein
1444,2019-08-23 11:30,2019-08-23 12:30,Magic or Pokemon Card?,Application Development,Web,Nick Branstein
1444,2019-08-23 11:30,2019-08-23 12:30,Magic or Pokemon Card?,Application Development,Azure,Nick Branstein
1445,2019-08-22 12:45,2019-08-22 13:45,The Automation Firehose: Be Strategic and Tactical,Software Testing,DevOps,Thomas Haver
1445,2019-08-22 12:45,2019-08-22 13:45,The Automation Firehose: Be Strategic and Tactical,Software Testing,Requirements,Thomas Haver
1445,2019-08-22 12:45,2019-08-22 13:45,The Automation Firehose: Be Strategic and Tactical,Software Testing,Ruby/Rails,Thomas Haver
1445,2019-08-22 12:45,2019-08-22 13:45,The Automation Firehose: Be Strategic and Tactical,Software Testing,Testing,Thomas Haver
1445,2019-08-22 12:45,2019-08-22 13:45,The Automation Firehose: Be Strategic and Tactical,Software Testing,Software Practices,Thomas Haver
1446,2019-08-23 10:15,2019-08-23 11:15,Building Great Libraries with .NET Standard,Application Development,.NET,Chad Green
1446,2019-08-23 10:15,2019-08-23 11:15,Building Great Libraries with .NET Standard,Application Development,Architecture,Chad Green
1448,2019-08-23 10:15,2019-08-23 11:15,Multithreaded JavaScript—Web Workers and Atomics,Application Development,JavaScript,Jeffrey Strauss
1448,2019-08-23 10:15,2019-08-23 11:15,Multithreaded JavaScript—Web Workers and Atomics,Application Development,Web,Jeffrey Strauss
1449,2019-08-22 15:15,2019-08-22 16:15,"IP Fundamentals—Trust Me, I'm a Lawyer",Soft Skills,Development Practices,Jeffrey Strauss
1449,2019-08-22 15:15,2019-08-22 16:15,"IP Fundamentals—Trust Me, I'm a Lawyer",Soft Skills,Soft Skills,Jeffrey Strauss
1449,2019-08-22 15:15,2019-08-22 16:15,"IP Fundamentals—Trust Me, I'm a Lawyer",Soft Skills,Other,Jeffrey Strauss
1540,2019-08-21 09:00,2019-08-21 12:00,Build your first full-stack Blazor app [Full-Day Workshop],Application Development,.NET,Ed Charbeneau
1540,2019-08-21 09:00,2019-08-21 12:00,Build your first full-stack Blazor app [Full-Day Workshop],Application Development,JavaScript,Ed Charbeneau
1540,2019-08-21 09:00,2019-08-21 12:00,Build your first full-stack Blazor app [Full-Day Workshop],Application Development,Web,Ed Charbeneau
1540,2019-08-21 09:00,2019-08-21 12:00,Build your first full-stack Blazor app [Full-Day Workshop],Application Development,WebAssembly,Ed Charbeneau
1541,2019-08-23 09:00,2019-08-23 10:00,Razor: Into the Razor-Verse,Application Development,.NET,Ed Charbeneau
1541,2019-08-23 09:00,2019-08-23 10:00,Razor: Into the Razor-Verse,Application Development,Web,Ed Charbeneau
1541,2019-08-23 09:00,2019-08-23 10:00,Razor: Into the Razor-Verse,Application Development,WebAssembly,Ed Charbeneau
1542,2019-08-22 16:30,2019-08-22 17:30,Radical Independence: Transform Your Team with OKRs,Application Development,Development Practices,Michael Richardson
1542,2019-08-22 16:30,2019-08-22 17:30,Radical Independence: Transform Your Team with OKRs,Application Development,Soft Skills,Michael Richardson
1542,2019-08-22 16:30,2019-08-22 17:30,Radical Independence: Transform Your Team with OKRs,Application Development,Project Management,Michael Richardson
1542,2019-08-22 16:30,2019-08-22 17:30,Radical Independence: Transform Your Team with OKRs,Application Development,Continuous Development,Michael Richardson
1542,2019-08-22 16:30,2019-08-22 17:30,Radical Independence: Transform Your Team with OKRs,Application Development,Software Practices,Michael Richardson
1543,2019-08-23 11:30,2019-08-23 12:30,From SMS to OTP to FIDO2 with WebAuthn: This is Modern 2FA,Application Development,.NET,Ondrej Balas
1543,2019-08-23 11:30,2019-08-23 12:30,From SMS to OTP to FIDO2 with WebAuthn: This is Modern 2FA,Application Development,Security,Ondrej Balas
1543,2019-08-23 11:30,2019-08-23 12:30,From SMS to OTP to FIDO2 with WebAuthn: This is Modern 2FA,Application Development,Web,Ondrej Balas
1544,2019-08-22 12:45,2019-08-22 13:45,"The ASP.NET Identity Ecosystem from 35,000 feet",Application Development,.NET,Ondrej Balas
1544,2019-08-22 12:45,2019-08-22 13:45,"The ASP.NET Identity Ecosystem from 35,000 feet",Application Development,Security,Ondrej Balas
1545,2019-08-22 11:30,2019-08-22 12:30,Building A Highly Scalable Service that Survived A Super Bowl,Application Development,Cloud,Keith Elder
1545,2019-08-22 11:30,2019-08-22 12:30,Building A Highly Scalable Service that Survived A Super Bowl,Application Development,Other,Keith Elder
1545,2019-08-22 11:30,2019-08-22 12:30,Building A Highly Scalable Service that Survived A Super Bowl,Application Development,Functional Progreamming,Keith Elder
1546,2019-08-23 16:30,2019-08-23 17:30,Productivity: How to get things done in this digital age,Soft Skills,Soft Skills,Keith Elder
1546,2019-08-23 16:30,2019-08-23 17:30,Productivity: How to get things done in this digital age,Soft Skills,Other,Keith Elder
1546,2019-08-23 16:30,2019-08-23 17:30,Productivity: How to get things done in this digital age,Soft Skills,Career Development,Keith Elder
1546,2019-08-23 16:30,2019-08-23 17:30,Productivity: How to get things done in this digital age,Soft Skills,Performance,Keith Elder
1547,2019-08-22 09:00,2019-08-22 10:00,Organization and Culture: Implementing Agile with Waterfall Expectations,Project Management,Agile,John Eiler
1547,2019-08-22 09:00,2019-08-22 10:00,Organization and Culture: Implementing Agile with Waterfall Expectations,Project Management,Development Practices,John Eiler
1547,2019-08-22 09:00,2019-08-22 10:00,Organization and Culture: Implementing Agile with Waterfall Expectations,Project Management,Soft Skills,John Eiler
1547,2019-08-22 09:00,2019-08-22 10:00,Organization and Culture: Implementing Agile with Waterfall Expectations,Project Management,Project Management,John Eiler
1547,2019-08-22 09:00,2019-08-22 10:00,Organization and Culture: Implementing Agile with Waterfall Expectations,Project Management,Continuous Development,John Eiler
1547,2019-08-22 09:00,2019-08-22 10:00,Organization and Culture: Implementing Agile with Waterfall Expectations,Project Management,Software Practices,John Eiler
1548,2019-08-21 13:00,2019-08-21 16:00,Using Data science to solve national security problems. [Half-Day Workshop],Soft Skills,Big Data,Luther Hill
1548,2019-08-21 13:00,2019-08-21 16:00,Using Data science to solve national security problems. [Half-Day Workshop],Soft Skills,Development Practices,Luther Hill
1548,2019-08-21 13:00,2019-08-21 16:00,Using Data science to solve national security problems. [Half-Day Workshop],Soft Skills,IoT,Luther Hill
1548,2019-08-21 13:00,2019-08-21 16:00,Using Data science to solve national security problems. [Half-Day Workshop],Soft Skills,Requirements,Luther Hill
1548,2019-08-21 13:00,2019-08-21 16:00,Using Data science to solve national security problems. [Half-Day Workshop],Soft Skills,Security,Luther Hill
1548,2019-08-21 13:00,2019-08-21 16:00,Using Data science to solve national security problems. [Half-Day Workshop],Soft Skills,Soft Skills,Luther Hill
1548,2019-08-21 13:00,2019-08-21 16:00,Using Data science to solve national security problems. [Half-Day Workshop],Soft Skills,Project Management,Luther Hill
1548,2019-08-21 13:00,2019-08-21 16:00,Using Data science to solve national security problems. [Half-Day Workshop],Soft Skills,Python,Luther Hill
1549,2019-08-22 09:00,2019-08-22 10:00,Understand your brain to build better visualizations.,User Experience,Design (UI/UX/CSS),Walt Ritscher
1551,2019-08-22 11:30,2019-08-22 12:30,An Introduction To Prolog And Why You Should Care,Application Development,Functional Progreamming,Charlotte Shreve
1552,2019-08-23 10:15,2019-08-23 11:15,Developer Version 1.0.0,Soft Skills,Soft Skills,Charlotte Shreve
1553,2019-08-22 16:30,2019-08-22 17:30,"Cosmic Full-Stack a Blazor, ML.NET, and CosmosDB Mashup",Application Development,.NET,Ed Charbeneau
1553,2019-08-22 16:30,2019-08-22 17:30,"Cosmic Full-Stack a Blazor, ML.NET, and CosmosDB Mashup",Application Development,Cloud,Ed Charbeneau
1553,2019-08-22 16:30,2019-08-22 17:30,"Cosmic Full-Stack a Blazor, ML.NET, and CosmosDB Mashup",Application Development,Web,Ed Charbeneau
1554,2019-08-22 12:45,2019-08-22 13:45,I Don’t Need No Stinkin’ Framework - I Don’t Need No Stinkin’ Framework - Mastering Shadow DOM,Application Development,JavaScript,Martine Dowden
1554,2019-08-22 12:45,2019-08-22 13:45,I Don’t Need No Stinkin’ Framework - I Don’t Need No Stinkin’ Framework - Mastering Shadow DOM,Application Development,Web,Martine Dowden
1555,2019-08-23 15:15,2019-08-23 16:15,"Tables have their place, now let’s make them fit",User Experience,Design (UI/UX/CSS),Martine Dowden
1555,2019-08-23 15:15,2019-08-23 16:15,"Tables have their place, now let’s make them fit",User Experience,Accessibility,Martine Dowden
1555,2019-08-23 15:15,2019-08-23 16:15,"Tables have their place, now let’s make them fit",User Experience,Web,Martine Dowden
1556,2019-08-21 13:00,2019-08-21 16:00,Accessibility Basics [Half-Day Workshop],User Experience,Design (UI/UX/CSS),Michael Dowden
1556,2019-08-21 13:00,2019-08-21 16:00,Accessibility Basics [Half-Day Workshop],User Experience,Accessibility,Michael Dowden
1556,2019-08-21 13:00,2019-08-21 16:00,Accessibility Basics [Half-Day Workshop],User Experience,Web,Michael Dowden
1556,2019-08-21 13:00,2019-08-21 16:00,Accessibility Basics [Half-Day Workshop],User Experience,Design (UI/UX/CSS),Martine Dowden
1556,2019-08-21 13:00,2019-08-21 16:00,Accessibility Basics [Half-Day Workshop],User Experience,Accessibility,Martine Dowden
1556,2019-08-21 13:00,2019-08-21 16:00,Accessibility Basics [Half-Day Workshop],User Experience,Web,Martine Dowden
1557,2019-08-23 09:00,2019-08-23 10:00,Have Your Pi and Eat It Too: .NET Core on Raspberry Pi,Application Development,.NET,Cam Soper
1557,2019-08-23 09:00,2019-08-23 10:00,Have Your Pi and Eat It Too: .NET Core on Raspberry Pi,Application Development,IoT,Cam Soper
1557,2019-08-23 09:00,2019-08-23 10:00,Have Your Pi and Eat It Too: .NET Core on Raspberry Pi,Application Development,Azure,Cam Soper
1559,2019-08-22 15:15,2019-08-22 16:15,The Siren Song of Technology,Soft Skills,Other,Tamay Shannon
1559,2019-08-22 15:15,2019-08-22 16:15,The Siren Song of Technology,Soft Skills,Career Development,Tamay Shannon
1562,2019-08-23 11:30,2019-08-23 12:30,Entity Framework debugging using SQL Server: A Detective Story,Software Testing,.NET,Chris Woodruff
1562,2019-08-23 11:30,2019-08-23 12:30,Entity Framework debugging using SQL Server: A Detective Story,Software Testing,Testing,Chris Woodruff
1562,2019-08-23 11:30,2019-08-23 12:30,Entity Framework debugging using SQL Server: A Detective Story,Software Testing,Database,Chris Woodruff
1563,2019-08-22 10:15,2019-08-22 11:15,What’s new in Entity Framework Core 2.2?,Application Development,.NET,Chris Woodruff
1563,2019-08-22 10:15,2019-08-22 11:15,What’s new in Entity Framework Core 2.2?,Application Development,Database,Chris Woodruff
1564,2019-08-22 10:15,2019-08-22 11:15,In-Depth Software Design for Developers (From a Designer),User Experience,Design (UI/UX/CSS),Ryan Albertson
1564,2019-08-22 10:15,2019-08-22 11:15,In-Depth Software Design for Developers (From a Designer),User Experience,Mobile,Ryan Albertson
1564,2019-08-22 10:15,2019-08-22 11:15,In-Depth Software Design for Developers (From a Designer),User Experience,Web,Ryan Albertson
1565,2019-08-23 11:30,2019-08-23 12:30,"So, Your Project Is On Fire. Again.",User Experience,Agile,Casey Albertsun
1565,2019-08-23 11:30,2019-08-23 12:30,"So, Your Project Is On Fire. Again.",User Experience,Soft Skills,Casey Albertsun
1565,2019-08-23 11:30,2019-08-23 12:30,"So, Your Project Is On Fire. Again.",User Experience,Project Management,Casey Albertsun
1565,2019-08-23 11:30,2019-08-23 12:30,"So, Your Project Is On Fire. Again.",User Experience,Agile,Ryan Albertson
1565,2019-08-23 11:30,2019-08-23 12:30,"So, Your Project Is On Fire. Again.",User Experience,Soft Skills,Ryan Albertson
1565,2019-08-23 11:30,2019-08-23 12:30,"So, Your Project Is On Fire. Again.",User Experience,Project Management,Ryan Albertson
1566,2019-08-23 16:30,2019-08-23 17:30,Mobile Apps: To SQL or Not to SQL,Application Development,Cross-Platform,Rob Hedgpeth
1566,2019-08-23 16:30,2019-08-23 17:30,Mobile Apps: To SQL or Not to SQL,Application Development,Mobile,Rob Hedgpeth
1566,2019-08-23 16:30,2019-08-23 17:30,Mobile Apps: To SQL or Not to SQL,Application Development,iOS/OSX,Rob Hedgpeth
1566,2019-08-23 16:30,2019-08-23 17:30,Mobile Apps: To SQL or Not to SQL,Application Development,Android,Rob Hedgpeth
1566,2019-08-23 16:30,2019-08-23 17:30,Mobile Apps: To SQL or Not to SQL,Application Development,Database,Rob Hedgpeth
1566,2019-08-23 16:30,2019-08-23 17:30,Mobile Apps: To SQL or Not to SQL,Application Development,SQL,Rob Hedgpeth
1567,2019-08-22 16:30,2019-08-22 17:30,Building resilient mobile apps with NoSQL,Application Development,Cross-Platform,Rob Hedgpeth
1567,2019-08-22 16:30,2019-08-22 17:30,Building resilient mobile apps with NoSQL,Application Development,Mobile,Rob Hedgpeth
1567,2019-08-22 16:30,2019-08-22 17:30,Building resilient mobile apps with NoSQL,Application Development,iOS/OSX,Rob Hedgpeth
1567,2019-08-22 16:30,2019-08-22 17:30,Building resilient mobile apps with NoSQL,Application Development,Android,Rob Hedgpeth
1567,2019-08-22 16:30,2019-08-22 17:30,Building resilient mobile apps with NoSQL,Application Development,Architecture,Rob Hedgpeth
1567,2019-08-22 16:30,2019-08-22 17:30,Building resilient mobile apps with NoSQL,Application Development,Software Practices,Rob Hedgpeth
1567,2019-08-22 16:30,2019-08-22 17:30,Building resilient mobile apps with NoSQL,Application Development,Database,Rob Hedgpeth
1567,2019-08-22 16:30,2019-08-22 17:30,Building resilient mobile apps with NoSQL,Application Development,SQL,Rob Hedgpeth
1568,2019-08-22 09:00,2019-08-22 10:00,Hacking Your Car - Driving Towards a smarter future,Application Development,.NET,Duane Newman
1568,2019-08-22 09:00,2019-08-22 10:00,Hacking Your Car - Driving Towards a smarter future,Application Development,Hardware,Duane Newman
1568,2019-08-22 09:00,2019-08-22 10:00,Hacking Your Car - Driving Towards a smarter future,Application Development,Other,Duane Newman
1569,2019-08-23 11:30,2019-08-23 12:30,Building a Real App with Xamarin.Forms,Application Development,.NET,Duane Newman
1569,2019-08-23 11:30,2019-08-23 12:30,Building a Real App with Xamarin.Forms,Application Development,Cross-Platform,Duane Newman
1569,2019-08-23 11:30,2019-08-23 12:30,Building a Real App with Xamarin.Forms,Application Development,Mobile,Duane Newman
1569,2019-08-23 11:30,2019-08-23 12:30,Building a Real App with Xamarin.Forms,Application Development,Azure,Duane Newman
1570,2019-08-22 12:45,2019-08-22 13:45,Machine Learning made Easy - An Introduction to ML.NET,Application Development,.NET,Alexander Slotte
1571,2019-08-23 11:30,2019-08-23 12:30,Data Science with Python & Friends,Application Development,Other,Douglas Starnes
1571,2019-08-23 11:30,2019-08-23 12:30,Data Science with Python & Friends,Application Development,Python,Douglas Starnes
1572,2019-08-22 12:45,2019-08-22 13:45,Kotlin: What’s in it For You,Application Development,Mobile,Douglas Starnes
1572,2019-08-22 12:45,2019-08-22 13:45,Kotlin: What’s in it For You,Application Development,Android,Douglas Starnes
1573,2019-08-21 09:00,2019-08-21 12:00,Hands On with Data Science with Python and Friends [Half-Day Workshop],Application Development,Other,Douglas Starnes
1573,2019-08-21 09:00,2019-08-21 12:00,Hands On with Data Science with Python and Friends [Half-Day Workshop],Application Development,Python,Douglas Starnes
1574,2019-08-23 15:15,2019-08-23 16:15,The Operation's Burden,Soft Skills,Agile,Dorrin Poorkay
1574,2019-08-23 15:15,2019-08-23 16:15,The Operation's Burden,Soft Skills,Development Practices,Dorrin Poorkay
1574,2019-08-23 15:15,2019-08-23 16:15,The Operation's Burden,Soft Skills,DevOps,Dorrin Poorkay
1574,2019-08-23 15:15,2019-08-23 16:15,The Operation's Burden,Soft Skills,Career Development,Dorrin Poorkay
1575,2019-08-22 15:15,2019-08-22 16:15,I'm Going To Make You Stop Hating CSS.,User Experience,Design (UI/UX/CSS),Lemon ??
1575,2019-08-22 15:15,2019-08-22 16:15,I'm Going To Make You Stop Hating CSS.,User Experience,Web,Lemon ??
1576,2019-08-23 15:15,2019-08-23 16:15,CMS Speed Dating,Application Development,Development Practices,Lemon ??
1576,2019-08-23 15:15,2019-08-23 16:15,CMS Speed Dating,Application Development,PHP,Lemon ??
1576,2019-08-23 15:15,2019-08-23 16:15,CMS Speed Dating,Application Development,Web,Lemon ??
1577,2019-08-22 12:45,2019-08-22 13:45,JSON Web Tokens Suck,Application Development,Security,Randall Degges
1578,2019-08-22 16:30,2019-08-22 17:30,"Useful Cryptography, An Introduction",Application Development,Development Practices,Randall Degges
1578,2019-08-22 16:30,2019-08-22 17:30,"Useful Cryptography, An Introduction",Application Development,Security,Randall Degges
1579,2019-08-23 11:30,2019-08-23 12:30,Intro to Web Assembly and Microsoft Blazor,Application Development,.NET,Phillip Jones
1579,2019-08-23 11:30,2019-08-23 12:30,Intro to Web Assembly and Microsoft Blazor,Application Development,JavaScript,Phillip Jones
1579,2019-08-23 11:30,2019-08-23 12:30,Intro to Web Assembly and Microsoft Blazor,Application Development,WebAssembly,Phillip Jones
1584,2019-08-22 09:00,2019-08-22 10:00,Linear Scaling - Monolith to Microservices and Dataflow,Application Development,Big Data,Shine Garg
1584,2019-08-22 09:00,2019-08-22 10:00,Linear Scaling - Monolith to Microservices and Dataflow,Application Development,Development Practices,Shine Garg
1584,2019-08-22 09:00,2019-08-22 10:00,Linear Scaling - Monolith to Microservices and Dataflow,Application Development,Microservices,Shine Garg
1584,2019-08-22 09:00,2019-08-22 10:00,Linear Scaling - Monolith to Microservices and Dataflow,Application Development,Google Cloud,Shine Garg
1584,2019-08-22 09:00,2019-08-22 10:00,Linear Scaling - Monolith to Microservices and Dataflow,Application Development,Architecture,Shine Garg
1586,2019-08-23 09:00,2019-08-23 10:00,All about JWT's,Application Development,Development Practices,Stephanie Chamblee
1586,2019-08-23 09:00,2019-08-23 10:00,All about JWT's,Application Development,Security,Stephanie Chamblee
1586,2019-08-23 09:00,2019-08-23 10:00,All about JWT's,Application Development,Web,Stephanie Chamblee
1586,2019-08-23 09:00,2019-08-23 10:00,All about JWT's,Application Development,Software Practices,Stephanie Chamblee
1587,2019-08-23 12:45,2019-08-23 13:45,Automated Testing of  ASP.Net Core,Software Testing,.NET,Joe Gardner
1587,2019-08-23 12:45,2019-08-23 13:45,Automated Testing of  ASP.Net Core,Software Testing,Testing,Joe Gardner
1587,2019-08-23 12:45,2019-08-23 13:45,Automated Testing of  ASP.Net Core,Software Testing,Web Services,Joe Gardner
1587,2019-08-23 12:45,2019-08-23 13:45,Automated Testing of  ASP.Net Core,Software Testing,Web,Joe Gardner
1587,2019-08-23 12:45,2019-08-23 13:45,Automated Testing of  ASP.Net Core,Software Testing,Quality Assurance,Joe Gardner
1588,2019-08-22 11:30,2019-08-22 12:30,Resilient Fault Tolerance with the Polly Project,Application Development,.NET,Joe Gardner
1588,2019-08-22 11:30,2019-08-22 12:30,Resilient Fault Tolerance with the Polly Project,Application Development,Cross-Platform,Joe Gardner
1588,2019-08-22 11:30,2019-08-22 12:30,Resilient Fault Tolerance with the Polly Project,Application Development,Development Practices,Joe Gardner
1588,2019-08-22 11:30,2019-08-22 12:30,Resilient Fault Tolerance with the Polly Project,Application Development,Microservices,Joe Gardner
1588,2019-08-22 11:30,2019-08-22 12:30,Resilient Fault Tolerance with the Polly Project,Application Development,Quality Assurance,Joe Gardner
1588,2019-08-22 11:30,2019-08-22 12:30,Resilient Fault Tolerance with the Polly Project,Application Development,Software Practices,Joe Gardner
1589,2019-08-22 11:30,2019-08-22 12:30,Join the CSS Future with CSS Grid,User Experience,Design (UI/UX/CSS),Bryan Robinson
1591,2019-08-22 12:45,2019-08-22 13:45,Background Tasks Without a Separate Service: Hangfire for ASP.NET,Application Development,.NET,Matthew Groves
1591,2019-08-22 12:45,2019-08-22 13:45,Background Tasks Without a Separate Service: Hangfire for ASP.NET,Application Development,Web,Matthew Groves
1591,2019-08-22 12:45,2019-08-22 13:45,Background Tasks Without a Separate Service: Hangfire for ASP.NET,Application Development,Architecture,Matthew Groves
1592,2019-08-23 16:30,2019-08-23 17:30,"Introduction to SQL++ for Big Data: Same Language, More Power",Application Development,Big Data,Matthew Groves
1592,2019-08-23 16:30,2019-08-23 17:30,"Introduction to SQL++ for Big Data: Same Language, More Power",Application Development,Other,Matthew Groves
1592,2019-08-23 16:30,2019-08-23 17:30,"Introduction to SQL++ for Big Data: Same Language, More Power",Application Development,Database,Matthew Groves
1592,2019-08-23 16:30,2019-08-23 17:30,"Introduction to SQL++ for Big Data: Same Language, More Power",Application Development,SQL,Matthew Groves
1594,2019-08-22 16:30,2019-08-22 17:30,Actions & Skills - Creating a Voice,Application Development,IoT,Shannon Beach
1594,2019-08-22 16:30,2019-08-22 17:30,Actions & Skills - Creating a Voice,Application Development,JavaScript,Shannon Beach
1594,2019-08-22 16:30,2019-08-22 17:30,Actions & Skills - Creating a Voice,Application Development,Other,Shannon Beach
1595,2019-08-23 16:30,2019-08-23 17:30,Serverless Application Design,Application Development,Cloud,Mark Gardner
1595,2019-08-23 16:30,2019-08-23 17:30,Serverless Application Design,Application Development,Cross-Platform,Mark Gardner
1595,2019-08-23 16:30,2019-08-23 17:30,Serverless Application Design,Application Development,Microservices,Mark Gardner
1595,2019-08-23 16:30,2019-08-23 17:30,Serverless Application Design,Application Development,Architecture,Mark Gardner
1595,2019-08-23 16:30,2019-08-23 17:30,Serverless Application Design,Application Development,Azure,Mark Gardner
1596,2019-08-22 15:15,2019-08-22 16:15,".NET Everywhere, Building Applications on the Tizen Platform",Application Development,.NET,Jason Robert
1596,2019-08-22 15:15,2019-08-22 16:15,".NET Everywhere, Building Applications on the Tizen Platform",Application Development,IoT,Jason Robert
1596,2019-08-22 15:15,2019-08-22 16:15,".NET Everywhere, Building Applications on the Tizen Platform",Application Development,Other,Jason Robert
1596,2019-08-22 15:15,2019-08-22 16:15,".NET Everywhere, Building Applications on the Tizen Platform",Application Development,Architecture,Jason Robert
1597,2019-08-22 16:30,2019-08-22 17:30,How to Automate API Testing - TDD&BDD,Application Development,DevOps,Pavan Yadlapalli
1597,2019-08-22 16:30,2019-08-22 17:30,How to Automate API Testing - TDD&BDD,Application Development,Quality Assurance,Pavan Yadlapalli
1597,2019-08-22 16:30,2019-08-22 17:30,How to Automate API Testing - TDD&BDD,Application Development,Continuous Development,Pavan Yadlapalli
1599,2019-08-22 10:15,2019-08-22 11:15,A Hero's Journey: Manual Tester to Automation QA,Software Testing,Testing,Alison Hawke
1599,2019-08-22 10:15,2019-08-22 11:15,A Hero's Journey: Manual Tester to Automation QA,Software Testing,Quality Assurance,Alison Hawke
1600,2019-08-23 10:15,2019-08-23 11:15,Building a QA practice from scratch,Software Testing,Testing,Alison Hawke
1600,2019-08-23 10:15,2019-08-23 11:15,Building a QA practice from scratch,Software Testing,Career Development,Alison Hawke
1600,2019-08-23 10:15,2019-08-23 11:15,Building a QA practice from scratch,Software Testing,Quality Assurance,Alison Hawke
1601,2019-08-23 10:15,2019-08-23 11:15,How Microsoft does DevOps,Application Development,Cloud,Paul Hacker
1601,2019-08-23 10:15,2019-08-23 11:15,How Microsoft does DevOps,Application Development,Development Practices,Paul Hacker
1601,2019-08-23 10:15,2019-08-23 11:15,How Microsoft does DevOps,Application Development,DevOps,Paul Hacker
1601,2019-08-23 10:15,2019-08-23 11:15,How Microsoft does DevOps,Application Development,Azure,Paul Hacker
1602,2019-08-23 12:45,2019-08-23 13:45,Continuous Delivery with Azure Pipelines,Application Development,Cloud,Paul Hacker
1602,2019-08-23 12:45,2019-08-23 13:45,Continuous Delivery with Azure Pipelines,Application Development,Development Practices,Paul Hacker
1602,2019-08-23 12:45,2019-08-23 13:45,Continuous Delivery with Azure Pipelines,Application Development,Continuous Development,Paul Hacker
1602,2019-08-23 12:45,2019-08-23 13:45,Continuous Delivery with Azure Pipelines,Application Development,Azure,Paul Hacker
1604,2019-08-23 16:30,2019-08-23 17:30,QA on Autopilot: Approaches To Web Automation Testing With Selenium,Software Testing,Development Practices,Jordan Paris
1604,2019-08-23 16:30,2019-08-23 17:30,QA on Autopilot: Approaches To Web Automation Testing With Selenium,Software Testing,Testing,Jordan Paris
1604,2019-08-23 16:30,2019-08-23 17:30,QA on Autopilot: Approaches To Web Automation Testing With Selenium,Software Testing,Web,Jordan Paris
1604,2019-08-23 16:30,2019-08-23 17:30,QA on Autopilot: Approaches To Web Automation Testing With Selenium,Software Testing,Quality Assurance,Jordan Paris
1604,2019-08-23 16:30,2019-08-23 17:30,QA on Autopilot: Approaches To Web Automation Testing With Selenium,Software Testing,Development Practices,Daniel Davis
1604,2019-08-23 16:30,2019-08-23 17:30,QA on Autopilot: Approaches To Web Automation Testing With Selenium,Software Testing,Testing,Daniel Davis
1604,2019-08-23 16:30,2019-08-23 17:30,QA on Autopilot: Approaches To Web Automation Testing With Selenium,Software Testing,Web,Daniel Davis
1604,2019-08-23 16:30,2019-08-23 17:30,QA on Autopilot: Approaches To Web Automation Testing With Selenium,Software Testing,Quality Assurance,Daniel Davis
1604,2019-08-23 16:30,2019-08-23 17:30,QA on Autopilot: Approaches To Web Automation Testing With Selenium,Software Testing,Development Practices,Shamir Patel
1604,2019-08-23 16:30,2019-08-23 17:30,QA on Autopilot: Approaches To Web Automation Testing With Selenium,Software Testing,Testing,Shamir Patel
1604,2019-08-23 16:30,2019-08-23 17:30,QA on Autopilot: Approaches To Web Automation Testing With Selenium,Software Testing,Web,Shamir Patel
1604,2019-08-23 16:30,2019-08-23 17:30,QA on Autopilot: Approaches To Web Automation Testing With Selenium,Software Testing,Quality Assurance,Shamir Patel
1605,2019-08-23 10:15,2019-08-23 11:15,Refactoring Your Health,Soft Skills,Soft Skills,David Merk
1605,2019-08-23 10:15,2019-08-23 11:15,Refactoring Your Health,Soft Skills,Other,David Merk
1605,2019-08-23 10:15,2019-08-23 11:15,Refactoring Your Health,Soft Skills,Soft Skills,Tony Thigpen
1605,2019-08-23 10:15,2019-08-23 11:15,Refactoring Your Health,Soft Skills,Other,Tony Thigpen
1606,2019-08-21 09:00,2019-08-21 12:00,Microservices in a Day Using .NET Core and AWS (Part 1) [Half-Day Workshop],Application Development,.NET,David Merk
1606,2019-08-21 09:00,2019-08-21 12:00,Microservices in a Day Using .NET Core and AWS (Part 1) [Half-Day Workshop],Application Development,Development Practices,David Merk
1606,2019-08-21 09:00,2019-08-21 12:00,Microservices in a Day Using .NET Core and AWS (Part 1) [Half-Day Workshop],Application Development,Microservices,David Merk
1606,2019-08-21 09:00,2019-08-21 12:00,Microservices in a Day Using .NET Core and AWS (Part 1) [Half-Day Workshop],Application Development,Career Development,David Merk
1606,2019-08-21 09:00,2019-08-21 12:00,Microservices in a Day Using .NET Core and AWS (Part 1) [Half-Day Workshop],Application Development,Architecture,David Merk
1606,2019-08-21 09:00,2019-08-21 12:00,Microservices in a Day Using .NET Core and AWS (Part 1) [Half-Day Workshop],Application Development,Software Practices,David Merk
1606,2019-08-21 09:00,2019-08-21 12:00,Microservices in a Day Using .NET Core and AWS (Part 1) [Half-Day Workshop],Application Development,.NET,Anthony Neace
1606,2019-08-21 09:00,2019-08-21 12:00,Microservices in a Day Using .NET Core and AWS (Part 1) [Half-Day Workshop],Application Development,Development Practices,Anthony Neace
1606,2019-08-21 09:00,2019-08-21 12:00,Microservices in a Day Using .NET Core and AWS (Part 1) [Half-Day Workshop],Application Development,Microservices,Anthony Neace
1606,2019-08-21 09:00,2019-08-21 12:00,Microservices in a Day Using .NET Core and AWS (Part 1) [Half-Day Workshop],Application Development,Career Development,Anthony Neace
1606,2019-08-21 09:00,2019-08-21 12:00,Microservices in a Day Using .NET Core and AWS (Part 1) [Half-Day Workshop],Application Development,Architecture,Anthony Neace
1606,2019-08-21 09:00,2019-08-21 12:00,Microservices in a Day Using .NET Core and AWS (Part 1) [Half-Day Workshop],Application Development,Software Practices,Anthony Neace
1606,2019-08-21 09:00,2019-08-21 12:00,Microservices in a Day Using .NET Core and AWS (Part 1) [Half-Day Workshop],Application Development,.NET,Scott Schuenemeyer
1606,2019-08-21 09:00,2019-08-21 12:00,Microservices in a Day Using .NET Core and AWS (Part 1) [Half-Day Workshop],Application Development,Development Practices,Scott Schuenemeyer
1606,2019-08-21 09:00,2019-08-21 12:00,Microservices in a Day Using .NET Core and AWS (Part 1) [Half-Day Workshop],Application Development,Microservices,Scott Schuenemeyer
1606,2019-08-21 09:00,2019-08-21 12:00,Microservices in a Day Using .NET Core and AWS (Part 1) [Half-Day Workshop],Application Development,Career Development,Scott Schuenemeyer
1606,2019-08-21 09:00,2019-08-21 12:00,Microservices in a Day Using .NET Core and AWS (Part 1) [Half-Day Workshop],Application Development,Architecture,Scott Schuenemeyer
1606,2019-08-21 09:00,2019-08-21 12:00,Microservices in a Day Using .NET Core and AWS (Part 1) [Half-Day Workshop],Application Development,Software Practices,Scott Schuenemeyer
1610,2019-08-23 09:00,2019-08-23 10:00,Docker for Testers,Software Testing,DevOps,Philip Bailey
1610,2019-08-23 09:00,2019-08-23 10:00,Docker for Testers,Software Testing,Testing,Philip Bailey
1610,2019-08-23 09:00,2019-08-23 10:00,Docker for Testers,Software Testing,Containers,Philip Bailey
1610,2019-08-23 09:00,2019-08-23 10:00,Docker for Testers,Software Testing,Docker,Philip Bailey
1612,2019-08-22 15:15,2019-08-22 16:15,DotNetCore Testing Made Easy with ACI (Azure Container Instances),Software Testing,Containers,Matthew Burleigh
1612,2019-08-22 15:15,2019-08-22 16:15,DotNetCore Testing Made Easy with ACI (Azure Container Instances),Software Testing,Docker,Matthew Burleigh
1612,2019-08-22 15:15,2019-08-22 16:15,DotNetCore Testing Made Easy with ACI (Azure Container Instances),Software Testing,Quality Assurance,Matthew Burleigh
1612,2019-08-22 15:15,2019-08-22 16:15,DotNetCore Testing Made Easy with ACI (Azure Container Instances),Software Testing,Software Practices,Matthew Burleigh
1614,2019-08-23 15:15,2019-08-23 16:15,Use the Next-Generation of Speech Recognition to Enhance Your Apps,Application Development,.NET,Mike Branstein
1614,2019-08-23 15:15,2019-08-23 16:15,Use the Next-Generation of Speech Recognition to Enhance Your Apps,Application Development,Other,Mike Branstein
1614,2019-08-23 15:15,2019-08-23 16:15,Use the Next-Generation of Speech Recognition to Enhance Your Apps,Application Development,Web,Mike Branstein
1614,2019-08-23 15:15,2019-08-23 16:15,Use the Next-Generation of Speech Recognition to Enhance Your Apps,Application Development,Azure,Mike Branstein
1615,2019-08-23 12:45,2019-08-23 13:45,Grow your own digital accessibility process,User Experience,Accessibility,Fen Slattery
1616,2019-08-23 09:00,2019-08-23 10:00,Cognative Biases and You,Soft Skills,Soft Skills,Dustin Doom
1617,2019-08-22 09:00,2019-08-22 10:00,I Told You to Stand Still ! (Motion Detection Web App with JavaScript),Application Development,Hardware,Aydin Akcasu
1617,2019-08-22 09:00,2019-08-22 10:00,I Told You to Stand Still ! (Motion Detection Web App with JavaScript),Application Development,JavaScript,Aydin Akcasu
1617,2019-08-22 09:00,2019-08-22 10:00,I Told You to Stand Still ! (Motion Detection Web App with JavaScript),Application Development,Other,Aydin Akcasu
1617,2019-08-22 09:00,2019-08-22 10:00,I Told You to Stand Still ! (Motion Detection Web App with JavaScript),Application Development,Web,Aydin Akcasu
1618,2019-08-22 09:00,2019-08-22 10:00,People Networking 1100101,Soft Skills,Soft Skills,Debbie Ryan
1618,2019-08-22 09:00,2019-08-22 10:00,People Networking 1100101,Soft Skills,Career Development,Debbie Ryan
1618,2019-08-22 09:00,2019-08-22 10:00,People Networking 1100101,Soft Skills,Soft Skills,Jim Everett
1618,2019-08-22 09:00,2019-08-22 10:00,People Networking 1100101,Soft Skills,Career Development,Jim Everett
1622,2019-08-21 18:00,2019-08-21 19:30,Demystifying accessibility,Application Development,Accessibility,Gianugo Rabellino
1623,2019-08-22 10:15,2019-08-22 11:15,A case study in accessibility,Application Development,JavaScript,Sarah Higley
1623,2019-08-22 10:15,2019-08-22 11:15,A case study in accessibility,Application Development,Accessibility,Sarah Higley
1623,2019-08-22 10:15,2019-08-22 11:15,A case study in accessibility,Application Development,Web,Sarah Higley
1624,2019-08-22 11:30,2019-08-22 12:30,Place your microservices / API within the database server,Application Development,DevOps,Matthew Von-Maszewski
1624,2019-08-22 11:30,2019-08-22 12:30,Place your microservices / API within the database server,Application Development,JavaScript,Matthew Von-Maszewski
1624,2019-08-22 11:30,2019-08-22 12:30,Place your microservices / API within the database server,Application Development,Database,Matthew Von-Maszewski
1625,2019-08-23 12:45,2019-08-23 13:45,OAuth 2.0 and OpenID Connect In Plain English,Application Development,Security,Lee Brandt
1627,2019-08-23 11:30,2019-08-23 12:30,Design Systems & Pattern Libraries,User Experience,Design (UI/UX/CSS),Brooke Neace
1629,2019-08-23 14:00,2019-08-23 15:00,Human-Centered Design: Build Products That People Really Want,User Experience,Design (UI/UX/CSS),Matt Plappert
1629,2019-08-23 14:00,2019-08-23 15:00,Human-Centered Design: Build Products That People Really Want,User Experience,Development Practices,Matt Plappert
1629,2019-08-23 14:00,2019-08-23 15:00,Human-Centered Design: Build Products That People Really Want,User Experience,Testing,Matt Plappert
1629,2019-08-23 14:00,2019-08-23 15:00,Human-Centered Design: Build Products That People Really Want,User Experience,Software Practices,Matt Plappert
1629,2019-08-23 14:00,2019-08-23 15:00,Human-Centered Design: Build Products That People Really Want,User Experience,Design (UI/UX/CSS),Humana Experience Center
1629,2019-08-23 14:00,2019-08-23 15:00,Human-Centered Design: Build Products That People Really Want,User Experience,Development Practices,Humana Experience Center
1629,2019-08-23 14:00,2019-08-23 15:00,Human-Centered Design: Build Products That People Really Want,User Experience,Testing,Humana Experience Center
1629,2019-08-23 14:00,2019-08-23 15:00,Human-Centered Design: Build Products That People Really Want,User Experience,Software Practices,Humana Experience Center
1629,2019-08-23 14:00,2019-08-23 15:00,Human-Centered Design: Build Products That People Really Want,User Experience,Design (UI/UX/CSS),Zachary Stout
1629,2019-08-23 14:00,2019-08-23 15:00,Human-Centered Design: Build Products That People Really Want,User Experience,Development Practices,Zachary Stout
1629,2019-08-23 14:00,2019-08-23 15:00,Human-Centered Design: Build Products That People Really Want,User Experience,Testing,Zachary Stout
1629,2019-08-23 14:00,2019-08-23 15:00,Human-Centered Design: Build Products That People Really Want,User Experience,Software Practices,Zachary Stout
1630,2019-08-22 14:00,2019-08-22 15:00,Balanced Team Approach to Development,Application Development,Development Practices,Lawrence Middleton
1630,2019-08-22 14:00,2019-08-22 15:00,Balanced Team Approach to Development,Application Development,Project Management,Lawrence Middleton
1630,2019-08-22 14:00,2019-08-22 15:00,Balanced Team Approach to Development,Application Development,Software Practices,Lawrence Middleton
1630,2019-08-22 14:00,2019-08-22 15:00,Balanced Team Approach to Development,Application Development,Development Practices,Chris Greenlee
1630,2019-08-22 14:00,2019-08-22 15:00,Balanced Team Approach to Development,Application Development,Project Management,Chris Greenlee
1630,2019-08-22 14:00,2019-08-22 15:00,Balanced Team Approach to Development,Application Development,Software Practices,Chris Greenlee
1630,2019-08-22 14:00,2019-08-22 15:00,Balanced Team Approach to Development,Application Development,Development Practices,Tom Carter
1630,2019-08-22 14:00,2019-08-22 15:00,Balanced Team Approach to Development,Application Development,Project Management,Tom Carter
1630,2019-08-22 14:00,2019-08-22 15:00,Balanced Team Approach to Development,Application Development,Software Practices,Tom Carter
1630,2019-08-22 14:00,2019-08-22 15:00,Balanced Team Approach to Development,Application Development,Development Practices,Humana Experience Center
1630,2019-08-22 14:00,2019-08-22 15:00,Balanced Team Approach to Development,Application Development,Project Management,Humana Experience Center
1630,2019-08-22 14:00,2019-08-22 15:00,Balanced Team Approach to Development,Application Development,Software Practices,Humana Experience Center
1631,2019-08-21 09:00,2019-08-21 12:00,eXtreme Programming: a hands-on workshop [Full-Day Workshop],Application Development,Testing,Jason McKee
1631,2019-08-21 09:00,2019-08-21 12:00,eXtreme Programming: a hands-on workshop [Full-Day Workshop],Application Development,Quality Assurance,Jason McKee
1631,2019-08-21 09:00,2019-08-21 12:00,eXtreme Programming: a hands-on workshop [Full-Day Workshop],Application Development,Software Practices,Jason McKee
1631,2019-08-21 09:00,2019-08-21 12:00,eXtreme Programming: a hands-on workshop [Full-Day Workshop],Application Development,Testing,Humana Experience Center
1631,2019-08-21 09:00,2019-08-21 12:00,eXtreme Programming: a hands-on workshop [Full-Day Workshop],Application Development,Quality Assurance,Humana Experience Center
1631,2019-08-21 09:00,2019-08-21 12:00,eXtreme Programming: a hands-on workshop [Full-Day Workshop],Application Development,Software Practices,Humana Experience Center
1632,2019-08-23 14:00,2019-08-23 15:00,"Serverless: ""WHERE'S THE COMPUTER??!?!""",Application Development,Cloud,Tom Carter
1632,2019-08-23 14:00,2019-08-23 15:00,"Serverless: ""WHERE'S THE COMPUTER??!?!""",Application Development,Development Practices,Tom Carter
1632,2019-08-23 14:00,2019-08-23 15:00,"Serverless: ""WHERE'S THE COMPUTER??!?!""",Application Development,JavaScript,Tom Carter
1632,2019-08-23 14:00,2019-08-23 15:00,"Serverless: ""WHERE'S THE COMPUTER??!?!""",Application Development,Microservices,Tom Carter
1632,2019-08-23 14:00,2019-08-23 15:00,"Serverless: ""WHERE'S THE COMPUTER??!?!""",Application Development,AWS,Tom Carter
1632,2019-08-23 14:00,2019-08-23 15:00,"Serverless: ""WHERE'S THE COMPUTER??!?!""",Application Development,Cloud,Humana Experience Center
1632,2019-08-23 14:00,2019-08-23 15:00,"Serverless: ""WHERE'S THE COMPUTER??!?!""",Application Development,Development Practices,Humana Experience Center
1632,2019-08-23 14:00,2019-08-23 15:00,"Serverless: ""WHERE'S THE COMPUTER??!?!""",Application Development,JavaScript,Humana Experience Center
1632,2019-08-23 14:00,2019-08-23 15:00,"Serverless: ""WHERE'S THE COMPUTER??!?!""",Application Development,Microservices,Humana Experience Center
1632,2019-08-23 14:00,2019-08-23 15:00,"Serverless: ""WHERE'S THE COMPUTER??!?!""",Application Development,AWS,Humana Experience Center
1633,2019-08-22 14:00,2019-08-22 15:00,Intro to VueJS and Test Driven Development,Application Development,Development Practices,Chris Burgin
1633,2019-08-22 14:00,2019-08-22 15:00,Intro to VueJS and Test Driven Development,Application Development,JavaScript,Chris Burgin
1633,2019-08-22 14:00,2019-08-22 15:00,Intro to VueJS and Test Driven Development,Application Development,Testing,Chris Burgin
1633,2019-08-22 14:00,2019-08-22 15:00,Intro to VueJS and Test Driven Development,Application Development,Development Practices,Humana Experience Center
1633,2019-08-22 14:00,2019-08-22 15:00,Intro to VueJS and Test Driven Development,Application Development,JavaScript,Humana Experience Center
1633,2019-08-22 14:00,2019-08-22 15:00,Intro to VueJS and Test Driven Development,Application Development,Testing,Humana Experience Center
1634,2019-08-23 14:00,2019-08-23 15:00,NativeScript Infinity Gauntlet : Mobile Endgame,Application Development,Mobile,Tyler Blake
1634,2019-08-23 14:00,2019-08-23 15:00,NativeScript Infinity Gauntlet : Mobile Endgame,Application Development,Mobile,FocustApps  [SPONSOR]
1635,2019-08-22 09:00,2019-08-22 10:00,The Fundamental Laws of Software Development,Project Management,Development Practices,Matthew Jones
1635,2019-08-22 09:00,2019-08-22 10:00,The Fundamental Laws of Software Development,Project Management,Career Development,Matthew Jones
1635,2019-08-22 09:00,2019-08-22 10:00,The Fundamental Laws of Software Development,Project Management,Software Practices,Matthew Jones
1636,2019-08-23 10:15,2019-08-23 11:15,From Horror Story to Fairy Tale: Writing code people want to read,Application Development,Development Practices,Michael Dowden
1636,2019-08-23 10:15,2019-08-23 11:15,From Horror Story to Fairy Tale: Writing code people want to read,Application Development,Software Practices,Michael Dowden
1637,2019-08-23 09:00,2019-08-23 10:00,DI Why? Getting a Grip on Dependency Injection,Application Development,.NET,Jeremy Clark
1637,2019-08-23 09:00,2019-08-23 10:00,DI Why? Getting a Grip on Dependency Injection,Application Development,Software Practices,Jeremy Clark
1640,2019-08-22 10:15,2019-08-22 11:15,Deep Learning with Python & Friends,Application Development,Python,Douglas Starnes
1641,2019-08-22 15:15,2019-08-22 16:15,A Developer’s Guide To Docker,Application Development,Docker,Lee Brandt
1642,2019-08-22 14:00,2019-08-22 15:00,Top 5 Architecture Patterns,Application Development,Architecture,Jim Everett
1647,2019-08-22 14:00,2019-08-22 15:00,Board Game Break With The Software Guild,Soft Skills,.NET,Austyn Hill
1647,2019-08-22 14:00,2019-08-22 15:00,Board Game Break With The Software Guild,Soft Skills,Development Practices,Austyn Hill
1647,2019-08-22 14:00,2019-08-22 15:00,Board Game Break With The Software Guild,Soft Skills,DevOps,Austyn Hill
1647,2019-08-22 14:00,2019-08-22 15:00,Board Game Break With The Software Guild,Soft Skills,Java,Austyn Hill
1647,2019-08-22 14:00,2019-08-22 15:00,Board Game Break With The Software Guild,Soft Skills,Soft Skills,Austyn Hill
1647,2019-08-22 14:00,2019-08-22 15:00,Board Game Break With The Software Guild,Soft Skills,Other,Austyn Hill
1647,2019-08-22 14:00,2019-08-22 15:00,Board Game Break With The Software Guild,Soft Skills,Career Development,Austyn Hill
1647,2019-08-22 14:00,2019-08-22 15:00,Board Game Break With The Software Guild,Soft Skills,.NET,Alan Galloway
1647,2019-08-22 14:00,2019-08-22 15:00,Board Game Break With The Software Guild,Soft Skills,Development Practices,Alan Galloway
1647,2019-08-22 14:00,2019-08-22 15:00,Board Game Break With The Software Guild,Soft Skills,DevOps,Alan Galloway
1647,2019-08-22 14:00,2019-08-22 15:00,Board Game Break With The Software Guild,Soft Skills,Java,Alan Galloway
1647,2019-08-22 14:00,2019-08-22 15:00,Board Game Break With The Software Guild,Soft Skills,Soft Skills,Alan Galloway
1647,2019-08-22 14:00,2019-08-22 15:00,Board Game Break With The Software Guild,Soft Skills,Other,Alan Galloway
1647,2019-08-22 14:00,2019-08-22 15:00,Board Game Break With The Software Guild,Soft Skills,Career Development,Alan Galloway
1648,2019-08-23 12:45,2019-08-23 13:45,Peer Reviews: Live Code and Design Reviews,Application Development,Development Practices,Bryan Robinson
1648,2019-08-23 12:45,2019-08-23 13:45,Peer Reviews: Live Code and Design Reviews,Application Development,Software Practices,Bryan Robinson
1648,2019-08-23 12:45,2019-08-23 13:45,Peer Reviews: Live Code and Design Reviews,Application Development,Development Practices,James Quick
1648,2019-08-23 12:45,2019-08-23 13:45,Peer Reviews: Live Code and Design Reviews,Application Development,Software Practices,James Quick
1649,2019-08-21 09:00,2019-08-21 12:00,Getting Git [Half-Day Workshop],Application Development,Development Practices,Jason McCreary
1649,2019-08-21 09:00,2019-08-21 12:00,Getting Git [Half-Day Workshop],Application Development,Software Practices,Jason McCreary
1650,2019-08-22 14:00,2019-08-22 15:00,The Journey – How large scope and complex requirements meet agile development and modern architectur,Application Development,Agile,Eric Hayes
1650,2019-08-22 14:00,2019-08-22 15:00,The Journey – How large scope and complex requirements meet agile development and modern architectur,Application Development,Development Practices,Eric Hayes
1650,2019-08-22 14:00,2019-08-22 15:00,The Journey – How large scope and complex requirements meet agile development and modern architectur,Application Development,DevOps,Eric Hayes
1650,2019-08-22 14:00,2019-08-22 15:00,The Journey – How large scope and complex requirements meet agile development and modern architectur,Application Development,Requirements,Eric Hayes
1650,2019-08-22 14:00,2019-08-22 15:00,The Journey – How large scope and complex requirements meet agile development and modern architectur,Application Development,Project Management,Eric Hayes
1650,2019-08-22 14:00,2019-08-22 15:00,The Journey – How large scope and complex requirements meet agile development and modern architectur,Application Development,Agile,Waleed Ahmed
1650,2019-08-22 14:00,2019-08-22 15:00,The Journey – How large scope and complex requirements meet agile development and modern architectur,Application Development,Development Practices,Waleed Ahmed
1650,2019-08-22 14:00,2019-08-22 15:00,The Journey – How large scope and complex requirements meet agile development and modern architectur,Application Development,DevOps,Waleed Ahmed
1650,2019-08-22 14:00,2019-08-22 15:00,The Journey – How large scope and complex requirements meet agile development and modern architectur,Application Development,Requirements,Waleed Ahmed
1650,2019-08-22 14:00,2019-08-22 15:00,The Journey – How large scope and complex requirements meet agile development and modern architectur,Application Development,Project Management,Waleed Ahmed
1651,2019-08-23 14:00,2019-08-23 15:00,Get in the Forest – How to manage change,Application Development,Java,Eric Hayes
1651,2019-08-23 14:00,2019-08-23 15:00,Get in the Forest – How to manage change,Application Development,SQL,Eric Hayes
1651,2019-08-23 14:00,2019-08-23 15:00,Get in the Forest – How to manage change,Application Development,Java,Waleed Ahmed
1651,2019-08-23 14:00,2019-08-23 15:00,Get in the Forest – How to manage change,Application Development,SQL,Waleed Ahmed
1652,2019-08-23 14:00,2019-08-23 15:00,Building IoT Applications with Azure IoT Central,Application Development,IoT,David Buckingham
1652,2019-08-23 14:00,2019-08-23 15:00,Building IoT Applications with Azure IoT Central,Application Development,Azure,David Buckingham
1653,2019-08-23 14:00,2019-08-23 15:00,Unity - A unique approach to a GIS Network Engineering platform,Application Development,Design (UI/UX/CSS),Tate McCormick
1653,2019-08-23 14:00,2019-08-23 15:00,Unity - A unique approach to a GIS Network Engineering platform,Application Development,Development Practices,Tate McCormick
1653,2019-08-23 14:00,2019-08-23 15:00,Unity - A unique approach to a GIS Network Engineering platform,Application Development,Design (UI/UX/CSS),Chris Nelson
1653,2019-08-23 14:00,2019-08-23 15:00,Unity - A unique approach to a GIS Network Engineering platform,Application Development,Development Practices,Chris Nelson
